Date/Time,Temp (°C),Dew Point Temp (°C),Rel Hum (%),Wind Dir (10s deg),Wind Spd (km/h),Stn Press (kPa),Month,Time
2019-07-29 01:00,21.5,21.5,100.0,25.0,10.0,100.32,7,1.0
2019-07-29 02:00,20.9,19.7,93.0,27.0,9.0,100.27,7,2.0
2019-07-29 03:00,19.7,19.4,99.0,28.0,7.0,100.25,7,3.0
2019-07-29 04:00,18.8,18.8,100.0,20.0,2.0,100.26,7,4.0
2019-07-29 05:00,17.8,17.8,100.0,35.0,5.0,100.28,7,5.0
2019-07-29 06:00,20.2,20.2,100.0,26.0,3.0,100.34,7,6.0
2019-07-29 07:00,22.9,21.6,93.0,17.0,5.0,100.31,7,7.0
2019-07-29 08:00,23.2,23.2,100.0,19.0,16.0,100.32,7,8.0
2019-07-29 09:00,24.3,23.3,94.0,18.0,15.0,100.31,7,9.0
2019-07-29 10:00,24.8,24.2,97.0,17.0,18.0,100.29,7,10.0
2019-07-29 11:00,25.2,23.6,91.0,18.0,21.0,100.28,7,11.0
2019-07-29 12:00,26.0,23.4,86.0,18.0,21.0,100.25,7,12.0
2019-07-29 13:00,25.8,22.9,84.0,17.0,21.0,100.18,7,13.0
2019-07-29 14:00,25.4,23.2,87.0,17.0,17.0,100.14,7,14.0
2019-07-29 15:00,26.0,23.4,85.0,17.0,17.0,100.09,7,15.0
2019-07-29 16:00,25.9,23.5,86.0,18.0,16.0,100.04,7,16.0
2019-07-29 17:00,26.4,23.1,82.0,18.0,17.0,100.03,7,17.0
2019-07-29 18:00,25.4,24.6,96.0,20.0,17.0,100.03,7,18.0
2019-07-29 19:00,24.7,24.6,99.0,19.0,17.0,100.02,7,19.0
2019-07-29 20:00,24.2,24.2,100.0,19.0,12.0,100.05,7,20.0
2019-07-29 21:00,24.2,24.2,100.0,19.0,16.0,100.08,7,21.0
2019-07-29 22:00,24.1,24.1,100.0,19.0,18.0,100.07,7,22.0
2019-07-29 23:00,23.8,23.7,100.0,18.0,18.0,100.08,7,23.0
2019-07-30 00:00,23.7,23.7,100.0,18.0,16.0,100.03,7,0.0
2019-07-30 01:00,23.8,23.8,100.0,23.0,14.0,100.09,7,1.0
2019-07-30 02:00,23.4,23.4,100.0,17.0,8.0,100.01,7,2.0
2019-07-30 03:00,23.6,22.0,91.0,22.0,8.0,100.02,7,3.0
2019-07-30 04:00,23.0,22.0,94.0,24.0,14.0,100.08,7,4.0
2019-07-30 05:00,22.2,21.8,98.0,22.0,12.0,100.1,7,5.0
2019-07-30 06:00,22.5,22.5,100.0,18.0,11.0,100.12,7,6.0
2019-07-30 07:00,23.5,23.1,97.0,22.0,14.0,100.18,7,7.0
2019-07-30 08:00,24.2,22.7,91.0,23.0,14.0,100.22,7,8.0
2019-07-30 09:00,23.1,23.0,100.0,24.0,18.0,100.18,7,9.0
2019-07-30 10:00,23.2,22.8,98.0,25.0,11.0,100.22,7,10.0
2019-07-30 11:00,23.2,23.2,100.0,23.0,7.0,100.22,7,11.0
2019-07-30 12:00,24.4,23.3,93.0,20.0,13.0,100.2,7,12.0
2019-07-30 13:00,24.3,22.3,89.0,18.0,20.0,100.13,7,13.0
2019-07-30 14:00,24.6,22.9,90.0,20.0,16.0,100.14,7,14.0
2019-07-30 15:00,25.8,21.4,77.0,21.0,18.0,100.1,7,15.0
2019-07-30 16:00,25.8,21.4,77.0,23.0,18.0,100.09,7,16.0
2019-07-30 17:00,25.8,20.5,72.0,23.0,15.0,100.1,7,17.0
2019-07-30 18:00,25.0,21.8,82.0,21.0,9.0,100.09,7,18.0
2019-07-30 19:00,23.5,22.9,96.0,21.0,16.0,100.19,7,19.0
2019-07-30 20:00,22.7,22.5,99.0,22.0,12.0,100.25,7,20.0
2019-07-30 21:00,22.4,22.4,100.0,26.0,4.0,100.33,7,21.0
2019-07-30 22:00,21.3,21.2,100.0,31.0,10.0,100.35,7,22.0
2019-07-30 23:00,20.0,20.0,100.0,26.0,3.0,100.34,7,23.0
2019-07-31 00:00,20.6,20.6,100.0,28.0,4.0,100.36,7,0.0
2019-07-31 01:00,20.2,20.2,100.0,28.0,3.0,100.36,7,1.0
2019-07-31 02:00,20.8,20.8,100.0,29.0,10.0,100.36,7,2.0
2019-07-31 03:00,20.5,20.5,100.0,28.0,5.0,100.41,7,3.0
2019-07-31 04:00,19.2,18.7,97.0,31.0,7.0,100.45,7,4.0
2019-07-31 05:00,18.0,17.3,95.0,29.0,12.0,100.48,7,5.0
2019-07-31 06:00,18.0,17.6,98.0,27.0,12.0,100.55,7,6.0
2019-07-31 07:00,18.7,17.6,94.0,31.0,12.0,100.57,7,7.0
2019-07-31 08:00,21.4,17.4,78.0,30.0,11.0,100.62,7,8.0
2019-07-31 09:00,22.8,16.5,67.0,26.0,6.0,100.65,7,9.0
2019-07-31 10:00,23.5,17.0,67.0,22.0,18.0,100.66,7,10.0
2019-07-31 11:00,24.8,15.8,57.0,23.0,19.0,100.65,7,11.0
2019-07-31 12:00,25.9,15.3,52.0,22.0,21.0,100.64,7,12.0
2019-07-31 13:00,26.0,15.9,54.0,19.0,20.0,100.6,7,13.0
2019-07-31 14:00,26.2,15.4,51.0,18.0,20.0,100.57,7,14.0
2019-07-31 15:00,25.9,17.4,59.0,19.0,22.0,100.54,7,15.0
2019-07-31 16:00,25.9,16.6,57.0,21.0,16.0,100.5,7,16.0
2019-07-31 17:00,24.9,18.2,66.0,22.0,13.0,100.48,7,17.0
2019-07-31 18:00,26.6,15.6,51.0,28.0,4.0,100.52,7,18.0
2019-07-31 19:00,24.5,16.5,61.0,28.0,11.0,100.58,7,19.0
2019-07-31 20:00,23.1,16.8,67.0,28.0,8.0,100.61,7,20.0
2019-07-31 21:00,21.9,18.1,79.0,33.0,11.0,100.67,7,21.0
2019-07-31 22:00,22.1,14.3,61.0,2.0,11.0,100.69,7,22.0
2019-07-31 23:00,21.3,12.8,58.0,1.0,10.0,100.72,7,23.0
2019-08-01 00:00,20.0,11.7,59.0,1.0,12.0,100.73,8,0.0
2019-08-01 01:00,18.8,11.2,61.0,1.0,11.0,100.77,8,1.0
2019-08-01 02:00,18.4,11.1,62.0,1.0,11.0,100.82,8,2.0
2019-08-01 03:00,17.3,11.2,67.0,1.0,11.0,100.86,8,3.0
2019-08-01 04:00,14.7,12.6,87.0,36.0,10.0,100.88,8,4.0
2019-08-01 05:00,14.3,12.8,91.0,34.0,11.0,100.92,8,5.0
2019-08-01 06:00,15.8,13.0,83.0,35.0,11.0,100.95,8,6.0
2019-08-01 07:00,19.3,11.8,62.0,36.0,10.0,100.99,8,7.0
2019-08-01 08:00,21.7,10.7,50.0,2.0,10.0,101.03,8,8.0
2019-08-01 09:00,23.7,9.3,40.0,5.0,15.0,101.03,8,9.0
2019-08-01 10:00,24.7,8.7,36.0,6.0,12.0,101.06,8,10.0
2019-08-01 11:00,25.4,7.5,32.0,4.0,9.0,101.05,8,11.0
2019-08-01 12:00,24.9,9.5,38.0,18.0,11.0,101.05,8,12.0
2019-08-01 13:00,25.7,9.5,36.0,15.0,14.0,101.03,8,13.0
2019-08-01 14:00,24.9,10.0,39.0,19.0,21.0,101.0,8,14.0
2019-08-01 15:00,25.0,11.0,41.0,19.0,17.0,100.96,8,15.0
2019-08-01 16:00,25.2,11.2,42.0,19.0,13.0,100.91,8,16.0
2019-08-01 17:00,25.1,11.4,42.0,20.0,13.0,100.88,8,17.0
2019-08-01 18:00,24.3,12.3,47.0,22.0,10.0,100.87,8,18.0
2019-08-01 19:00,22.8,12.6,52.0,23.0,7.0,100.88,8,19.0
2019-08-01 20:00,21.8,12.6,56.0,23.0,7.0,100.89,8,20.0
2019-08-01 21:00,21.0,14.7,67.0,25.0,7.0,100.92,8,21.0
2019-08-01 22:00,17.5,14.5,82.0,26.0,4.0,100.94,8,22.0
2019-08-01 23:00,17.0,15.3,89.0,32.0,6.0,100.96,8,23.0
2019-08-02 00:00,14.4,14.4,100.0,33.0,8.0,100.96,8,0.0
2019-08-02 01:00,13.6,13.4,99.0,33.0,8.0,100.95,8,1.0
2019-08-02 02:00,14.3,14.2,99.0,33.0,5.0,100.95,8,2.0
2019-08-02 03:00,13.7,13.7,100.0,33.0,7.0,100.95,8,3.0
2019-08-02 04:00,13.2,13.2,100.0,7.0,5.0,100.96,8,4.0
2019-08-02 05:00,12.3,12.3,100.0,35.0,5.0,100.99,8,5.0
2019-08-02 06:00,13.9,13.9,100.0,34.0,7.0,101.0,8,6.0
2019-08-02 07:00,18.8,17.1,90.0,33.0,4.0,101.0,8,7.0
2019-08-02 08:00,21.9,14.5,63.0,27.0,4.0,101.01,8,8.0
2019-08-02 09:00,23.4,14.7,58.0,22.0,8.0,101.02,8,9.0
2019-08-02 10:00,23.8,14.9,58.0,18.0,10.0,101.02,8,10.0
2019-08-02 11:00,24.6,15.7,57.0,17.0,13.0,100.96,8,11.0
2019-08-02 12:00,24.6,16.4,60.0,17.0,19.0,100.92,8,12.0
2019-08-02 13:00,24.8,16.2,59.0,17.0,19.0,100.87,8,13.0
2019-08-02 14:00,25.5,16.6,58.0,19.0,18.0,100.83,8,14.0
2019-08-02 15:00,24.9,17.2,63.0,19.0,21.0,100.78,8,15.0
2019-08-02 16:00,25.0,15.8,57.0,20.0,21.0,100.77,8,16.0
2019-08-02 17:00,25.1,12.8,47.0,21.0,16.0,100.72,8,17.0
2019-08-02 18:00,24.7,13.5,50.0,19.0,8.0,100.7,8,18.0
2019-08-02 19:00,23.4,12.5,50.0,23.0,6.0,100.65,8,19.0
2019-08-02 20:00,22.3,14.0,59.0,24.0,7.0,100.68,8,20.0
2019-08-02 21:00,18.5,13.0,70.0,33.0,3.0,100.7,8,21.0
2019-08-02 22:00,18.4,13.8,74.0,21.0,4.0,100.71,8,22.0
2019-08-02 23:00,19.6,12.5,64.0,25.0,8.0,100.7,8,23.0
2019-08-03 00:00,16.3,14.5,89.0,29.0,6.0,100.63,8,0.0
2019-08-03 01:00,14.9,11.7,81.0,33.0,10.0,100.58,8,1.0
2019-08-03 02:00,14.0,13.2,95.0,34.0,9.0,100.58,8,2.0
2019-08-03 03:00,16.7,9.8,64.0,24.0,6.0,100.54,8,3.0
2019-08-03 04:00,14.8,11.0,78.0,21.0,5.0,100.55,8,4.0
2019-08-03 05:00,14.4,13.6,95.0,30.0,2.0,100.58,8,5.0
2019-08-03 06:00,14.4,14.4,100.0,30.0,5.0,100.6,8,6.0
2019-08-03 07:00,18.9,14.0,73.0,20.0,1.0,100.61,8,7.0
2019-08-03 08:00,20.8,14.2,66.0,22.0,7.0,100.57,8,8.0
2019-08-03 09:00,23.1,13.9,56.0,23.0,7.0,100.55,8,9.0
2019-08-03 10:00,24.5,13.7,51.0,20.0,13.0,100.5,8,10.0
2019-08-03 11:00,24.4,15.4,57.0,18.0,20.0,100.45,8,11.0
2019-08-03 12:00,25.1,15.2,54.0,18.0,24.0,100.41,8,12.0
2019-08-03 13:00,25.3,16.2,57.0,19.0,27.0,100.35,8,13.0
2019-08-03 14:00,25.7,17.2,59.0,19.0,28.0,100.27,8,14.0
2019-08-03 15:00,26.8,17.8,58.0,20.0,24.0,100.2,8,15.0
2019-08-03 16:00,27.0,18.4,59.0,20.0,22.0,100.18,8,16.0
2019-08-03 17:00,20.3,20.3,100.0,35.0,13.0,100.27,8,17.0
2019-08-03 18:00,20.9,20.8,100.0,33.0,18.0,100.28,8,18.0
2019-08-03 19:00,20.8,20.8,100.0,0.0,1.0,100.25,8,19.0
2019-08-03 20:00,20.4,20.4,100.0,31.0,3.0,100.29,8,20.0
2019-08-03 21:00,20.0,20.0,100.0,31.0,4.0,100.33,8,21.0
2019-08-03 22:00,20.0,20.0,100.0,32.0,5.0,100.32,8,22.0
2019-08-03 23:00,20.5,20.5,100.0,33.0,13.0,100.32,8,23.0
2019-08-04 00:00,19.9,19.9,100.0,33.0,9.0,100.33,8,0.0
2019-08-04 01:00,20.0,19.4,96.0,36.0,14.0,100.34,8,1.0
2019-08-04 02:00,19.1,15.2,78.0,1.0,16.0,100.36,8,2.0
2019-08-04 03:00,18.3,12.6,69.0,1.0,15.0,100.4,8,3.0
2019-08-04 04:00,17.6,11.4,67.0,36.0,10.0,100.4,8,4.0
2019-08-04 05:00,17.4,10.9,65.0,1.0,13.0,100.41,8,5.0
2019-08-04 06:00,17.1,10.8,67.0,1.0,15.0,100.48,8,6.0
2019-08-04 07:00,17.3,10.8,66.0,1.0,14.0,100.49,8,7.0
2019-08-04 08:00,19.6,11.5,59.0,2.0,16.0,100.51,8,8.0
2019-08-04 09:00,20.8,10.9,53.0,2.0,14.0,100.55,8,9.0
2019-08-04 10:00,21.4,9.6,47.0,2.0,13.0,100.55,8,10.0
2019-08-04 11:00,22.2,8.4,41.0,1.0,16.0,100.56,8,11.0
2019-08-04 12:00,22.8,6.9,36.0,36.0,13.0,100.52,8,12.0
2019-08-04 13:00,23.2,7.6,37.0,34.0,9.0,100.48,8,13.0
2019-08-04 14:00,24.0,8.2,37.0,29.0,7.0,100.46,8,14.0
2019-08-04 15:00,24.7,8.2,35.0,29.0,8.0,100.43,8,15.0
2019-08-04 16:00,24.9,9.8,38.0,24.0,7.0,100.39,8,16.0
2019-08-04 17:00,23.5,11.2,46.0,18.0,12.0,100.4,8,17.0
2019-08-04 18:00,23.1,11.5,48.0,20.0,15.0,100.39,8,18.0
2019-08-04 19:00,21.3,13.3,60.0,21.0,10.0,100.4,8,19.0
2019-08-04 20:00,20.2,14.2,68.0,20.0,9.0,100.4,8,20.0
2019-08-04 21:00,19.7,14.6,72.0,22.0,11.0,100.43,8,21.0
2019-08-04 22:00,19.5,14.6,73.0,21.0,12.0,100.42,8,22.0
2019-08-04 23:00,16.8,15.7,94.0,35.0,8.0,100.48,8,23.0
2019-08-05 00:00,15.5,15.5,100.0,33.0,2.0,100.49,8,0.0
2019-08-05 01:00,15.1,15.1,100.0,6.0,3.0,100.49,8,1.0
2019-08-05 02:00,13.3,13.3,100.0,33.0,7.0,100.46,8,2.0
2019-08-05 03:00,13.2,13.1,100.0,34.0,4.0,100.47,8,3.0
2019-08-05 04:00,12.1,12.1,100.0,35.0,5.0,100.47,8,4.0
2019-08-05 05:00,12.1,12.1,100.0,36.0,4.0,100.44,8,5.0
2019-08-05 06:00,13.9,13.9,100.0,35.0,6.0,100.45,8,6.0
2019-08-05 07:00,19.7,19.6,99.0,1.0,2.0,100.47,8,7.0
2019-08-05 08:00,21.7,17.9,79.0,23.0,9.0,100.47,8,8.0
2019-08-05 09:00,23.5,17.0,67.0,24.0,13.0,100.48,8,9.0
2019-08-05 10:00,23.7,15.9,62.0,19.0,25.0,100.47,8,10.0
2019-08-05 11:00,24.1,14.7,56.0,18.0,25.0,100.45,8,11.0
2019-08-05 12:00,24.6,14.1,52.0,19.0,25.0,100.39,8,12.0
2019-08-05 13:00,24.7,13.7,51.0,19.0,27.0,100.35,8,13.0
2019-08-05 14:00,25.0,13.8,50.0,19.0,26.0,100.34,8,14.0
2019-08-05 15:00,25.1,13.7,49.0,18.0,24.0,100.26,8,15.0
2019-08-05 16:00,25.1,13.5,49.0,19.0,23.0,100.18,8,16.0
2019-08-05 17:00,24.9,14.8,54.0,18.0,18.0,100.14,8,17.0
2019-08-05 18:00,24.3,15.6,58.0,17.0,18.0,100.07,8,18.0
2019-08-05 19:00,23.5,16.5,65.0,18.0,15.0,100.06,8,19.0
2019-08-05 20:00,23.1,17.4,70.0,17.0,15.0,100.05,8,20.0
2019-08-05 21:00,23.2,18.3,74.0,17.0,15.0,100.07,8,21.0
2019-08-05 22:00,22.9,19.1,79.0,17.0,11.0,100.06,8,22.0
2019-08-05 23:00,23.4,17.7,70.0,17.0,13.0,100.01,8,23.0
2019-08-06 00:00,23.5,18.6,74.0,16.0,16.0,99.96,8,0.0
2019-08-06 01:00,23.2,17.3,69.0,17.0,21.0,99.9,8,1.0
2019-08-06 02:00,23.0,18.6,77.0,18.0,21.0,99.83,8,2.0
2019-08-06 03:00,23.0,17.7,72.0,19.0,24.0,99.8,8,3.0
2019-08-06 04:00,22.5,19.9,85.0,19.0,17.0,99.77,8,4.0
2019-08-06 05:00,22.4,21.2,93.0,20.0,14.0,99.79,8,5.0
2019-08-06 06:00,22.8,22.3,97.0,19.0,20.0,99.79,8,6.0
2019-08-06 07:00,23.4,22.8,97.0,19.0,19.0,99.8,8,7.0
2019-08-06 08:00,24.0,22.2,90.0,19.0,18.0,99.8,8,8.0
2019-08-06 09:00,24.6,22.5,88.0,18.0,21.0,99.78,8,9.0
2019-08-06 10:00,24.4,22.1,87.0,18.0,22.0,99.76,8,10.0
2019-08-06 11:00,25.4,21.9,81.0,17.0,21.0,99.71,8,11.0
2019-08-06 12:00,25.8,22.0,80.0,17.0,25.0,99.61,8,12.0
2019-08-06 13:00,21.3,17.6,79.0,27.0,32.0,99.77,8,13.0
2019-08-06 14:00,20.6,20.6,100.0,20.0,5.0,99.64,8,14.0
2019-08-06 15:00,21.7,21.5,99.0,18.0,5.0,99.64,8,15.0
2019-08-06 16:00,22.5,21.4,93.0,18.0,12.0,99.59,8,16.0
2019-08-06 17:00,22.7,22.2,97.0,20.0,14.0,99.6,8,17.0
2019-08-06 18:00,22.6,20.7,89.0,20.0,15.0,99.59,8,18.0
2019-08-06 19:00,22.4,20.9,91.0,21.0,12.0,99.63,8,19.0
2019-08-06 20:00,22.3,21.9,97.0,22.0,11.0,99.65,8,20.0
2019-08-06 21:00,22.4,22.4,100.0,21.0,10.0,99.65,8,21.0
2019-08-06 22:00,22.6,22.6,100.0,21.0,13.0,99.66,8,22.0
2019-08-06 23:00,22.4,22.4,100.0,23.0,12.0,99.66,8,23.0
2019-08-07 00:00,21.4,21.4,100.0,27.0,9.0,99.63,8,0.0
2019-08-07 01:00,20.8,20.8,100.0,26.0,8.0,99.65,8,1.0
2019-08-07 02:00,20.5,20.5,100.0,26.0,6.0,99.67,8,2.0
2019-08-07 03:00,20.2,20.2,100.0,25.0,3.0,99.67,8,3.0
2019-08-07 04:00,20.9,20.9,100.0,24.0,6.0,99.67,8,4.0
2019-08-07 05:00,21.1,21.0,100.0,24.0,7.0,99.7,8,5.0
2019-08-07 06:00,21.0,21.0,100.0,29.0,4.0,99.72,8,6.0
2019-08-07 07:00,21.2,21.2,100.0,28.0,2.0,99.74,8,7.0
2019-08-07 08:00,21.2,21.2,100.0,32.0,4.0,99.73,8,8.0
2019-08-07 09:00,21.6,21.6,100.0,32.0,3.0,99.74,8,9.0
2019-08-07 10:00,22.3,22.3,100.0,35.0,3.0,99.72,8,10.0
2019-08-07 11:00,22.0,22.0,100.0,20.0,3.0,99.72,8,11.0
2019-08-07 12:00,20.4,20.4,100.0,31.0,6.0,99.71,8,12.0
2019-08-07 13:00,21.3,21.2,100.0,28.0,7.0,99.71,8,13.0
2019-08-07 14:00,21.3,21.3,100.0,26.0,8.0,99.68,8,14.0
2019-08-07 15:00,22.0,20.2,90.0,1.0,1.0,99.57,8,15.0
2019-08-07 16:00,22.9,19.2,80.0,10.0,1.0,99.56,8,16.0
2019-08-07 17:00,22.3,21.6,96.0,14.0,6.0,99.54,8,17.0
2019-08-07 18:00,22.4,20.8,91.0,18.0,7.0,99.53,8,18.0
2019-08-07 19:00,22.2,19.9,87.0,14.0,6.0,99.53,8,19.0
2019-08-07 20:00,21.3,20.1,93.0,19.0,7.0,99.57,8,20.0
2019-08-07 21:00,21.1,21.1,100.0,23.0,9.0,99.58,8,21.0
2019-08-07 22:00,20.2,20.2,100.0,24.0,4.0,99.52,8,22.0
2019-08-07 23:00,21.1,21.1,100.0,26.0,9.0,99.49,8,23.0
2019-08-08 00:00,21.2,21.2,100.0,25.0,8.0,99.48,8,0.0
2019-08-08 01:00,21.3,21.2,100.0,21.0,9.0,99.43,8,1.0
2019-08-08 02:00,21.6,21.6,100.0,25.0,12.0,99.37,8,2.0
2019-08-08 03:00,20.7,20.7,100.0,25.0,13.0,99.39,8,3.0
2019-08-08 04:00,18.8,18.8,100.0,28.0,8.0,99.38,8,4.0
2019-08-08 05:00,18.3,17.8,97.0,25.0,8.0,99.37,8,5.0
2019-08-08 06:00,18.6,18.0,96.0,26.0,7.0,99.37,8,6.0
2019-08-08 07:00,20.5,17.1,81.0,25.0,8.0,99.36,8,7.0
2019-08-08 08:00,21.7,15.2,66.0,24.0,11.0,99.36,8,8.0
2019-08-08 09:00,22.9,16.7,68.0,23.0,9.0,99.31,8,9.0
2019-08-08 10:00,23.3,14.1,56.0,17.0,13.0,99.26,8,10.0
2019-08-08 11:00,25.2,22.5,85.0,18.0,21.0,99.23,8,11.0
2019-08-08 12:00,24.4,20.0,76.0,19.0,28.0,99.14,8,12.0
2019-08-08 13:00,23.7,21.8,89.0,19.0,28.0,99.14,8,13.0
2019-08-08 14:00,19.8,19.8,100.0,25.0,23.0,99.2,8,14.0
2019-08-08 15:00,21.2,21.2,100.0,25.0,16.0,99.16,8,15.0
2019-08-08 16:00,22.1,20.9,93.0,24.0,23.0,99.13,8,16.0
2019-08-08 17:00,22.4,21.4,94.0,23.0,18.0,99.15,8,17.0
2019-08-08 18:00,22.9,21.4,91.0,23.0,15.0,99.16,8,18.0
2019-08-08 19:00,22.1,20.8,92.0,25.0,11.0,99.18,8,19.0
2019-08-08 20:00,21.1,18.6,85.0,26.0,12.0,99.25,8,20.0
2019-08-08 21:00,20.3,18.5,90.0,25.0,14.0,99.31,8,21.0
2019-08-08 22:00,19.5,18.9,96.0,26.0,15.0,99.31,8,22.0
2019-08-08 23:00,18.3,16.4,89.0,29.0,15.0,99.33,8,23.0
2019-08-09 00:00,17.9,16.9,94.0,29.0,14.0,99.38,8,0.0
2019-08-09 01:00,17.4,17.0,98.0,29.0,10.0,99.39,8,1.0
2019-08-09 02:00,18.0,17.0,94.0,25.0,11.0,99.4,8,2.0
2019-08-09 03:00,17.5,15.7,89.0,26.0,12.0,99.38,8,3.0
2019-08-09 04:00,16.5,14.7,89.0,25.0,12.0,99.37,8,4.0
2019-08-09 05:00,16.1,14.4,90.0,26.0,14.0,99.41,8,5.0
2019-08-09 06:00,16.4,14.7,90.0,25.0,16.0,99.46,8,6.0
2019-08-09 07:00,17.3,14.8,85.0,28.0,18.0,99.52,8,7.0
2019-08-09 08:00,18.4,14.3,77.0,28.0,17.0,99.54,8,8.0
2019-08-09 09:00,20.1,14.1,68.0,27.0,21.0,99.56,8,9.0
2019-08-09 10:00,21.5,13.9,62.0,28.0,20.0,99.58,8,10.0
2019-08-09 11:00,22.9,13.3,55.0,26.0,21.0,99.6,8,11.0
2019-08-09 12:00,23.7,13.8,54.0,24.0,21.0,99.55,8,12.0
2019-08-09 13:00,20.9,15.2,70.0,23.0,28.0,99.53,8,13.0
2019-08-09 14:00,18.5,15.5,83.0,27.0,19.0,99.54,8,14.0
2019-08-09 15:00,20.2,16.1,78.0,24.0,29.0,99.54,8,15.0
2019-08-09 16:00,20.3,15.1,72.0,23.0,21.0,99.51,8,16.0
2019-08-09 17:00,21.1,16.9,77.0,23.0,21.0,99.45,8,17.0
2019-08-09 18:00,21.3,14.5,65.0,25.0,17.0,99.52,8,18.0
2019-08-09 19:00,19.7,14.6,72.0,27.0,16.0,99.5,8,19.0
2019-08-09 20:00,18.5,15.2,81.0,28.0,13.0,99.57,8,20.0
2019-08-09 21:00,18.4,14.2,76.0,27.0,14.0,99.63,8,21.0
2019-08-09 22:00,18.4,11.2,63.0,28.0,19.0,99.64,8,22.0
2019-08-09 23:00,17.7,11.6,68.0,27.0,18.0,99.65,8,23.0
2019-08-10 00:00,16.8,11.8,73.0,26.0,13.0,99.67,8,0.0
2019-08-10 01:00,15.6,12.2,80.0,27.0,13.0,99.67,8,1.0
2019-08-10 02:00,15.7,13.2,85.0,27.0,9.0,99.71,8,2.0
2019-08-10 03:00,14.3,13.7,96.0,31.0,13.0,99.74,8,3.0
2019-08-10 04:00,13.5,13.4,100.0,32.0,13.0,99.76,8,4.0
2019-08-10 05:00,14.8,14.3,97.0,33.0,12.0,99.82,8,5.0
2019-08-10 06:00,15.0,13.2,89.0,32.0,16.0,99.87,8,6.0
2019-08-10 07:00,16.5,12.7,78.0,32.0,12.0,99.93,8,7.0
2019-08-10 08:00,18.0,10.3,61.0,31.0,16.0,99.98,8,8.0
2019-08-10 09:00,19.3,10.1,55.0,31.0,22.0,100.0,8,9.0
2019-08-10 10:00,20.8,10.2,51.0,29.0,19.0,100.01,8,10.0
2019-08-10 11:00,21.9,10.7,49.0,30.0,20.0,99.98,8,11.0
2019-08-10 12:00,21.3,9.9,48.0,31.0,23.0,99.95,8,12.0
2019-08-10 13:00,20.5,10.2,52.0,28.0,22.0,99.97,8,13.0
2019-08-10 14:00,22.2,11.4,50.0,24.0,25.0,99.93,8,14.0
2019-08-10 15:00,17.7,14.9,84.0,33.0,4.0,99.96,8,15.0
2019-08-10 16:00,19.8,15.2,74.0,25.0,12.0,99.94,8,16.0
2019-08-10 17:00,19.9,15.0,73.0,25.0,17.0,99.94,8,17.0
2019-08-10 18:00,20.3,14.4,69.0,27.0,11.0,99.99,8,18.0
2019-08-10 19:00,18.8,12.3,66.0,34.0,9.0,100.07,8,19.0
2019-08-10 20:00,17.2,12.9,76.0,33.0,5.0,100.14,8,20.0
2019-08-10 21:00,16.2,13.5,84.0,33.0,5.0,100.19,8,21.0
2019-08-10 22:00,14.6,12.6,88.0,31.0,6.0,100.23,8,22.0
2019-08-10 23:00,13.6,13.6,100.0,32.0,7.0,100.25,8,23.0
2019-08-11 00:00,14.9,11.7,81.0,30.0,11.0,100.27,8,0.0
2019-08-11 01:00,14.9,11.5,80.0,30.0,14.0,100.28,8,1.0
2019-08-11 02:00,14.0,11.9,87.0,31.0,10.0,100.3,8,2.0
2019-08-11 03:00,14.6,12.9,90.0,30.0,13.0,100.32,8,3.0
2019-08-11 04:00,14.7,12.9,89.0,30.0,14.0,100.36,8,4.0
2019-08-11 05:00,14.7,13.2,90.0,25.0,5.0,100.41,8,5.0
2019-08-11 06:00,14.1,13.6,97.0,29.0,6.0,100.45,8,6.0
2019-08-11 07:00,16.5,14.9,91.0,28.0,6.0,100.46,8,7.0
2019-08-11 08:00,18.6,15.8,84.0,28.0,11.0,100.46,8,8.0
2019-08-11 09:00,20.3,14.5,70.0,27.0,9.0,100.46,8,9.0
2019-08-11 10:00,21.8,16.3,71.0,21.0,17.0,100.47,8,10.0
2019-08-11 11:00,23.4,15.1,60.0,23.0,16.0,100.45,8,11.0
2019-08-11 12:00,24.0,14.4,55.0,23.0,21.0,100.42,8,12.0
2019-08-11 13:00,24.5,15.2,56.0,23.0,22.0,100.41,8,13.0
2019-08-11 14:00,25.1,16.3,58.0,23.0,24.0,100.37,8,14.0
2019-08-11 15:00,24.0,15.2,58.0,23.0,23.0,100.34,8,15.0
2019-08-11 16:00,24.7,15.6,57.0,23.0,23.0,100.3,8,16.0
2019-08-11 17:00,24.1,15.0,57.0,23.0,21.0,100.28,8,17.0
2019-08-11 18:00,23.6,13.9,54.0,23.0,24.0,100.28,8,18.0
2019-08-11 19:00,23.0,13.8,56.0,25.0,20.0,100.27,8,19.0
2019-08-11 20:00,22.0,14.1,61.0,25.0,14.0,100.28,8,20.0
2019-08-11 21:00,21.6,15.6,69.0,25.0,14.0,100.28,8,21.0
2019-08-11 22:00,20.9,15.9,73.0,25.0,12.0,100.27,8,22.0
2019-08-11 23:00,20.3,17.8,85.0,25.0,10.0,100.25,8,23.0
2019-08-12 00:00,20.2,18.5,90.0,23.0,13.0,100.25,8,0.0
2019-08-12 01:00,19.1,18.0,93.0,25.0,9.0,100.23,8,1.0
2019-08-12 02:00,18.6,18.3,98.0,24.0,7.0,100.23,8,2.0
2019-08-12 03:00,19.4,19.4,100.0,24.0,12.0,100.22,8,3.0
2019-08-12 04:00,18.3,18.3,100.0,24.0,8.0,100.21,8,4.0
2019-08-12 05:00,17.2,17.2,100.0,26.0,7.0,100.19,8,5.0
2019-08-12 06:00,18.2,18.2,100.0,25.0,9.0,100.22,8,6.0
2019-08-12 07:00,19.7,19.0,95.0,25.0,11.0,100.25,8,7.0
2019-08-12 08:00,21.0,19.9,93.0,22.0,11.0,100.22,8,8.0
2019-08-12 09:00,23.2,20.4,84.0,23.0,14.0,100.17,8,9.0
2019-08-12 10:00,24.5,18.2,68.0,23.0,14.0,100.14,8,10.0
2019-08-12 11:00,23.7,22.0,90.0,18.0,20.0,100.1,8,11.0
2019-08-12 12:00,24.4,22.6,90.0,19.0,21.0,99.99,8,12.0
2019-08-12 13:00,24.2,20.6,80.0,19.0,23.0,99.97,8,13.0
2019-08-12 14:00,24.6,21.2,82.0,19.0,25.0,99.96,8,14.0
2019-08-12 15:00,25.0,17.3,63.0,21.0,23.0,99.89,8,15.0
2019-08-12 16:00,24.8,16.8,61.0,23.0,18.0,99.82,8,16.0
2019-08-12 17:00,24.2,17.1,64.0,22.0,16.0,99.82,8,17.0
2019-08-12 18:00,23.9,17.4,67.0,23.0,14.0,99.78,8,18.0
2019-08-12 19:00,23.6,18.1,71.0,24.0,14.0,99.75,8,19.0
2019-08-12 20:00,23.1,18.2,74.0,22.0,14.0,99.8,8,20.0
2019-08-12 21:00,22.2,18.4,79.0,23.0,15.0,99.8,8,21.0
2019-08-12 22:00,22.0,19.5,85.0,24.0,13.0,99.77,8,22.0
2019-08-12 23:00,21.7,18.9,84.0,26.0,5.0,99.78,8,23.0
2019-08-13 00:00,21.4,19.1,87.0,27.0,7.0,99.77,8,0.0
2019-08-13 01:00,20.9,20.0,94.0,27.0,7.0,99.71,8,1.0
2019-08-13 02:00,20.5,20.0,97.0,26.0,3.0,99.67,8,2.0
2019-08-13 03:00,18.5,18.5,100.0,26.0,5.0,99.67,8,3.0
2019-08-13 04:00,19.5,19.5,100.0,28.0,8.0,99.68,8,4.0
2019-08-13 05:00,18.9,18.9,100.0,31.0,4.0,99.72,8,5.0
2019-08-13 06:00,18.6,18.6,100.0,34.0,4.0,99.73,8,6.0
2019-08-13 07:00,21.1,18.4,85.0,2.0,8.0,99.76,8,7.0
2019-08-13 08:00,22.6,18.1,76.0,3.0,9.0,99.77,8,8.0
2019-08-13 09:00,23.6,18.7,74.0,4.0,8.0,99.82,8,9.0
2019-08-13 10:00,25.7,17.8,62.0,5.0,3.0,99.8,8,10.0
2019-08-13 11:00,24.4,18.3,69.0,18.0,10.0,99.76,8,11.0
2019-08-13 12:00,25.8,18.0,62.0,15.0,10.0,99.75,8,12.0
2019-08-13 13:00,25.8,16.5,57.0,15.0,13.0,99.74,8,13.0
2019-08-13 14:00,25.7,16.6,57.0,16.0,11.0,99.7,8,14.0
2019-08-13 15:00,27.0,13.5,43.0,1.0,14.0,99.68,8,15.0
2019-08-13 16:00,26.6,12.9,43.0,1.0,13.0,99.69,8,16.0
2019-08-13 17:00,26.5,12.0,40.0,3.0,16.0,99.71,8,17.0
2019-08-13 18:00,25.4,11.9,43.0,4.0,14.0,99.75,8,18.0
2019-08-13 19:00,23.2,12.1,50.0,4.0,11.0,99.82,8,19.0
2019-08-13 20:00,22.5,11.3,49.0,3.0,17.0,99.87,8,20.0
2019-08-13 21:00,21.2,10.8,52.0,4.0,11.0,99.92,8,21.0
2019-08-13 22:00,20.6,11.4,56.0,2.0,10.0,99.96,8,22.0
2019-08-13 23:00,19.6,12.2,62.0,1.0,12.0,99.99,8,23.0
2019-08-14 00:00,19.5,12.2,63.0,3.0,12.0,100.01,8,0.0
2019-08-14 01:00,19.1,11.2,60.0,3.0,13.0,100.01,8,1.0
2019-08-14 02:00,18.4,11.2,63.0,2.0,10.0,100.01,8,2.0
2019-08-14 03:00,17.3,11.4,68.0,1.0,14.0,100.03,8,3.0
2019-08-14 04:00,17.6,10.6,63.0,1.0,15.0,100.04,8,4.0
2019-08-14 05:00,16.7,10.4,67.0,1.0,15.0,100.09,8,5.0
2019-08-14 06:00,16.5,10.4,67.0,1.0,17.0,100.14,8,6.0
2019-08-14 07:00,17.1,10.5,65.0,2.0,19.0,100.22,8,7.0
2019-08-14 08:00,18.4,11.7,65.0,1.0,19.0,100.24,8,8.0
2019-08-14 09:00,20.1,12.3,61.0,36.0,14.0,100.27,8,9.0
2019-08-14 10:00,21.4,12.6,57.0,2.0,15.0,100.28,8,10.0
2019-08-14 11:00,23.0,13.4,55.0,35.0,19.0,100.28,8,11.0
2019-08-14 12:00,23.2,12.1,50.0,1.0,13.0,100.24,8,12.0
2019-08-14 13:00,24.0,12.7,49.0,5.0,11.0,100.23,8,13.0
2019-08-14 14:00,24.3,11.7,45.0,3.0,14.0,100.22,8,14.0
2019-08-14 15:00,24.2,10.5,42.0,32.0,12.0,100.25,8,15.0
2019-08-14 16:00,23.1,10.6,45.0,1.0,14.0,100.27,8,16.0
2019-08-14 17:00,23.3,10.5,44.0,1.0,15.0,100.29,8,17.0
2019-08-14 18:00,22.7,10.0,45.0,1.0,14.0,100.3,8,18.0
2019-08-14 19:00,21.1,9.8,49.0,1.0,12.0,100.34,8,19.0
2019-08-14 20:00,19.0,10.1,56.0,2.0,9.0,100.41,8,20.0
2019-08-14 21:00,18.5,9.6,56.0,2.0,13.0,100.47,8,21.0
2019-08-14 22:00,17.3,9.8,61.0,1.0,13.0,100.53,8,22.0
2019-08-14 23:00,16.3,9.6,65.0,3.0,10.0,100.56,8,23.0
2019-08-15 00:00,15.4,9.8,69.0,2.0,11.0,100.59,8,0.0
2019-08-15 01:00,14.8,10.0,73.0,2.0,11.0,100.58,8,1.0
2019-08-15 02:00,13.8,9.8,77.0,2.0,9.0,100.6,8,2.0
2019-08-15 03:00,12.6,10.9,89.0,1.0,11.0,100.59,8,3.0
2019-08-15 04:00,13.1,10.7,85.0,4.0,10.0,100.61,8,4.0
2019-08-15 05:00,12.8,10.5,86.0,4.0,11.0,100.62,8,5.0
2019-08-15 06:00,14.0,10.7,80.0,3.0,11.0,100.63,8,6.0
2019-08-15 07:00,16.0,10.8,71.0,4.0,15.0,100.65,8,7.0
2019-08-15 08:00,18.0,11.1,64.0,5.0,19.0,100.66,8,8.0
2019-08-15 09:00,19.9,11.4,58.0,3.0,14.0,100.68,8,9.0
2019-08-15 10:00,21.7,12.0,54.0,5.0,13.0,100.69,8,10.0
2019-08-15 11:00,22.2,9.6,45.0,11.0,16.0,100.65,8,11.0
2019-08-15 12:00,22.7,9.5,43.0,13.0,18.0,100.61,8,12.0
2019-08-15 13:00,23.2,10.6,45.0,14.0,19.0,100.54,8,13.0
2019-08-15 14:00,24.1,11.5,45.0,14.0,21.0,100.49,8,14.0
2019-08-15 15:00,24.8,11.4,43.0,5.0,10.0,100.44,8,15.0
2019-08-15 16:00,24.5,10.0,40.0,6.0,12.0,100.37,8,16.0
2019-08-15 17:00,24.3,10.3,41.0,5.0,12.0,100.35,8,17.0
2019-08-15 18:00,23.0,10.2,44.0,4.0,8.0,100.39,8,18.0
2019-08-15 19:00,21.6,11.1,51.0,1.0,9.0,100.35,8,19.0
2019-08-15 20:00,20.1,12.3,61.0,11.0,12.0,100.44,8,20.0
2019-08-15 21:00,20.1,12.4,61.0,6.0,12.0,100.38,8,21.0
2019-08-15 22:00,19.4,13.2,68.0,4.0,10.0,100.48,8,22.0
2019-08-15 23:00,17.2,14.1,82.0,5.0,15.0,100.38,8,23.0
2019-08-16 00:00,16.7,14.5,87.0,7.0,10.0,100.4,8,0.0
2019-08-16 01:00,16.7,13.1,79.0,4.0,11.0,100.37,8,1.0
2019-08-16 02:00,17.3,12.9,75.0,2.0,9.0,100.38,8,2.0
2019-08-16 03:00,17.3,12.8,75.0,2.0,8.0,100.35,8,3.0
2019-08-16 04:00,16.8,13.9,83.0,5.0,11.0,100.39,8,4.0
2019-08-16 05:00,17.0,14.1,83.0,3.0,11.0,100.4,8,5.0
2019-08-16 06:00,16.7,13.5,81.0,4.0,10.0,100.4,8,6.0
2019-08-16 07:00,18.3,13.3,73.0,3.0,12.0,100.44,8,7.0
2019-08-16 08:00,19.7,13.2,66.0,5.0,14.0,100.43,8,8.0
2019-08-16 09:00,20.4,12.8,62.0,7.0,19.0,100.46,8,9.0
2019-08-16 10:00,23.0,13.1,54.0,6.0,14.0,100.48,8,10.0
2019-08-16 11:00,24.0,15.3,58.0,12.0,11.0,100.47,8,11.0
2019-08-16 12:00,24.3,16.6,62.0,14.0,16.0,100.45,8,12.0
2019-08-16 13:00,24.6,17.9,66.0,16.0,14.0,100.45,8,13.0
2019-08-16 14:00,25.6,18.7,66.0,15.0,13.0,100.39,8,14.0
2019-08-16 15:00,25.3,18.1,64.0,14.0,11.0,100.31,8,15.0
2019-08-16 16:00,24.5,17.8,66.0,16.0,6.0,100.31,8,16.0
2019-08-16 17:00,24.4,17.7,66.0,15.0,5.0,100.27,8,17.0
2019-08-16 18:00,23.8,18.7,73.0,17.0,8.0,100.29,8,18.0
2019-08-16 19:00,22.7,19.9,84.0,11.0,4.0,100.22,8,19.0
2019-08-16 20:00,21.3,20.4,95.0,23.0,0.0,100.27,8,20.0
2019-08-16 21:00,20.7,20.7,100.0,35.0,7.0,100.27,8,21.0
2019-08-16 22:00,22.5,21.5,94.0,16.0,24.0,100.31,8,22.0
2019-08-16 23:00,21.3,20.1,93.0,24.0,2.0,100.28,8,23.0
2019-08-17 00:00,21.2,20.4,95.0,20.0,8.0,100.36,8,0.0
2019-08-17 01:00,21.9,21.7,99.0,18.0,15.0,100.31,8,1.0
2019-08-17 02:00,21.3,21.3,100.0,18.0,12.0,100.31,8,2.0
2019-08-17 03:00,21.6,21.6,100.0,18.0,12.0,100.29,8,3.0
2019-08-17 04:00,21.2,21.2,100.0,21.0,11.0,100.29,8,4.0
2019-08-17 05:00,20.9,20.9,100.0,21.0,10.0,100.27,8,5.0
2019-08-17 06:00,21.2,21.2,100.0,21.0,11.0,100.27,8,6.0
2019-08-17 07:00,21.7,21.7,100.0,22.0,11.0,100.29,8,7.0
2019-08-17 08:00,22.7,21.7,94.0,19.0,17.0,100.27,8,8.0
2019-08-17 09:00,22.4,22.1,98.0,19.0,17.0,100.32,8,9.0
2019-08-17 10:00,22.2,22.2,100.0,18.0,15.0,100.36,8,10.0
2019-08-17 11:00,21.5,21.5,100.0,23.0,10.0,100.4,8,11.0
2019-08-17 12:00,20.6,20.6,100.0,16.0,10.0,100.34,8,12.0
2019-08-17 13:00,20.8,20.8,100.0,18.0,7.0,100.33,8,13.0
2019-08-17 14:00,22.1,19.7,86.0,18.0,19.0,100.29,8,14.0
2019-08-17 15:00,21.7,19.7,88.0,20.0,16.0,100.29,8,15.0
2019-08-17 16:00,22.0,20.7,92.0,19.0,13.0,100.22,8,16.0
2019-08-17 17:00,22.3,20.7,91.0,19.0,15.0,100.18,8,17.0
2019-08-17 18:00,21.8,21.3,97.0,19.0,14.0,100.19,8,18.0
2019-08-17 19:00,21.3,21.3,100.0,19.0,10.0,100.17,8,19.0
2019-08-17 20:00,21.0,21.0,100.0,18.0,11.0,100.22,8,20.0
2019-08-17 21:00,21.3,21.3,100.0,18.0,13.0,100.25,8,21.0
2019-08-17 22:00,21.4,21.3,100.0,17.0,11.0,100.25,8,22.0
2019-08-17 23:00,21.4,21.4,100.0,17.0,14.0,100.26,8,23.0
2019-08-18 00:00,21.4,21.4,100.0,17.0,15.0,100.31,8,0.0
2019-08-18 01:00,21.3,21.2,100.0,17.0,13.0,100.34,8,1.0
2019-08-18 02:00,21.7,21.7,100.0,15.0,7.0,100.33,8,2.0
2019-08-18 03:00,21.3,21.3,100.0,8.0,9.0,100.29,8,3.0
2019-08-18 04:00,20.3,20.3,100.0,4.0,6.0,100.28,8,4.0
2019-08-18 05:00,19.4,19.4,100.0,1.0,6.0,100.3,8,5.0
2019-08-18 06:00,19.2,19.2,100.0,35.0,2.0,100.31,8,6.0
2019-08-18 07:00,22.2,22.2,100.0,9.0,2.0,100.35,8,7.0
2019-08-18 08:00,22.0,22.0,100.0,18.0,9.0,100.39,8,8.0
2019-08-18 09:00,22.4,22.4,100.0,16.0,21.0,100.34,8,9.0
2019-08-18 10:00,22.2,22.1,99.0,19.0,14.0,100.39,8,10.0
2019-08-18 11:00,23.4,23.2,99.0,16.0,12.0,100.35,8,11.0
2019-08-18 12:00,23.8,22.8,94.0,15.0,12.0,100.32,8,12.0
2019-08-18 13:00,23.5,22.0,92.0,15.0,12.0,100.29,8,13.0
2019-08-18 14:00,24.5,20.6,79.0,15.0,7.0,100.22,8,14.0
2019-08-18 15:00,25.5,22.0,81.0,19.0,7.0,100.19,8,15.0
2019-08-18 16:00,25.3,20.6,75.0,18.0,6.0,100.14,8,16.0
2019-08-18 17:00,24.8,21.9,84.0,17.0,10.0,100.12,8,17.0
2019-08-18 18:00,24.6,22.8,90.0,19.0,9.0,100.1,8,18.0
2019-08-18 19:00,23.4,23.4,100.0,18.0,12.0,100.05,8,19.0
2019-08-18 20:00,23.4,23.4,100.0,16.0,10.0,100.02,8,20.0
2019-08-18 21:00,23.2,23.2,100.0,17.0,20.0,99.97,8,21.0
2019-08-18 22:00,23.1,23.1,100.0,18.0,20.0,99.98,8,22.0
2019-08-18 23:00,22.8,22.8,100.0,18.0,17.0,100.0,8,23.0
